"5gram","Frequency","Total Tweets"
"总统特朗普","168","168"
"美国总统特","102","102"
"国总统特朗","102","102"
"哪吒之魔童","62","56"
"国人工智能","55","55"
"中国人工智","50","50"
"特朗普政府","44","44"
"吒之魔童闹","43","40"
"之魔童闹海","43","40"
"公司深度求","38","38"
"司深度求索","38","38"
"首席执行官","37","37"
"任总统特朗","35","35"
"候任总统特","33","33"
"总统尹锡悦","32","32"
"的人工智能","31","30"
"美国候任总","28","28"
"国候任总统","28","28"
"人形机器人","25","19"
"知情人士透","23","23"
"情人士透露","23","23"
"中國外交部","20","19"
"吒之魔童鬧","19","16"
"之魔童鬧海","19","16"
"国科技巨头","19","19"
"外交部發言","19","19"
"交部發言人","19","19"
"巴勒斯坦人","18","16"
"统特朗普的","18","18"
"企业深度求","18","18"
"业深度求索","18","18"
"國外交部發","17","17"
"当选总统特","17","17"
"选总统特朗","17","17"
"英伟达股价","16","15"
"美国当选总","16","16"
"国当选总统","16","16"
"人工智能模","15","15"
"工智能模型","15","15"
"高手在民間","14","14"
"创公司深度","14","14"
"特朗普表示","13","13"
"汽车制造商","13","13"
"大语言模型","13","13"
"政府工作報","13","9"
"府工作報告","13","9"
"席执行官黄","13","13"
"执行官黄仁","13","13"
"行官黄仁勋","13","13"
"億元人民幣","12","10"
"特朗普的关","12","11"
"据知情人士","12","12"
"中国外交部","12","11"
"奇妙中國年","12","12"
"犯罪调查处","12","12"
"全球影史票","11","9"
"球影史票房","11","9"
"在人工智能","11","11"
"總統特朗普","11","11"
"中国国家主","11","11"
"国国家主席","11","11"
"国家主席习","11","11"
"家主席习近","11","11"
"主席习近平","11","11"
"中国科技巨","11","11"
"人形機器人","11","7"
"高级公职人","11","11"
"级公职人员","11","11"
"公职人员犯","11","11"
"职人员犯罪","11","11"
"人员犯罪调","11","11"
"员犯罪调查","11","11"
"冰雪大世界","11","8"
"美国科技巨","10","10"
"特朗普上任","10","10"
"朗普的关税","10","9"
"加拿大和墨","10","10"
"拿大和墨西","10","10"
"大和墨西哥","10","10"
"巨头英伟达","10","10"
"中国初创公","10","10"
"国初创公司","10","10"
"初创公司深","10","10"
"韩国高级公","10","10"
"国高级公职","10","10"
"北方民族大","9","9"
"方民族大學","9","9"
"民族大學華","9","9"
"族大學華韻","9","9"
"大學華韻文","9","9"
"學華韻文化","9","9"
"華韻文化雙","9","9"
"韻文化雙語","9","9"
"文化雙語傳","9","9"
"统特朗普宣","9","9"
"特朗普宣布","9","9"
"聯合國教科","9","5"
"合國教科文","9","5"
"國教科文組","9","5"
"教科文組織","9","5"
"美国钢铁公","9","8"
"国钢铁公司","9","8"
"中国电动车","9","6"
"受访学者认","9","9"
"访学者认为","9","9"
"人工智能公","9","9"
"工智能公司","9","9"
"智能公司深","9","9"
"能公司深度","9","9"
"知情人士称","9","9"
"國家和地區","9","9"
"政府效率部","9","9"
"新聞發言人","9","9"
"点击看视频","9","9"
"人工智能初","9","9"
"工智能初创","9","9"
"智能初创公","9","9"
"能初创公司","9","9"
"短视频平台","9","9"
"国媒体报道","9","9"
"部發言人毛","9","9"
"發言人毛寧","9","9"
"韩国总统尹","9","9"
"国总统尹锡","9","9"
"特朗普星期","9","9"
"美国总统拜","9","9"
"国总统拜登","9","9"
"创始人梁文","8","8"
"人工智能领","8","8"
"工智能领域","8","8"
"日本首相石","8","8"
"本首相石破","8","8"
"首相石破茂","8","8"
"中共中央政","8","8"
"共中央政治","8","8"
"中央政治局","8","8"
"央政治局委","8","8"
"创历史新高","8","8"
"分析师认为","8","8"
"签署行政令","8","8"
"聊天机器人","8","7"
"美國總統特","8","8"
"國總統特朗","8","8"
"個國家和地","8","8"
"统特朗普说","8","8"
"美国消费者","8","8"
"本文介绍了","8","8"
"非物質文化","8","7"
"物質文化遺","8","7"
"質文化遺產","8","7"
"在社交平台","8","8"
"中國企業的","8","8"
"接受中新社","8","8"
"中新社記者","8","8"
"的就职典礼","8","7"
"统尹锡悦的","8","8"
"影史票房榜","7","7"
"化雙語傳播","7","7"
"雙語傳播社","7","7"
"始人梁文锋","7","7"
"計發送旅客","7","4"
"巴拿马运河","7","5"
"特朗普签署","7","7"
"进口商品征","7","6"
"口商品征收","7","6"
"社交媒体上","7","7"
"的行政命令","7","7"
"人工智能企","7","7"
"工智能企业","7","7"
"中國商務部","7","5"
"射中心使用","7","7"
"开源大模型","7","7"
"美国联邦储","7","7"
"国联邦储备","7","7"
"联邦储备局","7","7"
"美国科技股","7","7"
"在南中国海","7","6"
"年第四季度","7","7"
"短视频应用","7","7"
"已造成至少","7","7"
"中國駐紐約","7","3"
"名知情人士","7","7"
"特斯拉上海","7","6"
"在中国市场","7","7"
"新質生產力","7","4"
"加沙地带停","7","7"
"沙地带停火","7","7"
"亚利桑那州","7","6"
"席执行官周","7","7"
"全球最大的","7","7"
"中国社交平","7","7"
"国社交平台","7","7"
"英伟达首席","7","7"
"伟达首席执","7","7"
"达首席执行","7","7"
"中國載人航","7","6"
"國載人航天","7","6"
"載人航天工","7","6"
"人航天工程","7","6"
"約合人民幣","7","7"
"特朗普的就","7","7"
"朗普的就职","7","7"
"国电动汽车","7","7"
"拉斯维加斯","7","7"
"西藏日喀则","7","7"
"乌克兰总统","7","7"
"克兰总统泽","7","7"
"兰总统泽连","7","7"
"总统泽连斯","7","7"
"统泽连斯基","7","7"
"人民大會堂","6","5"
"特朗普就职","6","6"
"名中国公民","6","6"
"中國常駐聯","6","6"
"國常駐聯合","6","6"
"常駐聯合國","6","6"
"智能领域的","6","6"
"上市的股票","6","5"
"據網絡平台","6","6"
"網絡平台數","6","6"
"絡平台數據","6","6"
"官方数据显","6","6"
"方数据显示","6","6"
"统特朗普对","6","6"
"中國國家鐵","6","4"
"國國家鐵路","6","4"
"新聞發布會","6","6"
"入全球影史","6","5"
"香港上市的","6","6"
"年春节假期","6","6"
"本田和日産","6","4"
"印度尼西亚","6","6"
"与美国总统","6","6"
"文化和旅游","6","4"
"在社交媒体","6","6"
"口商品加征","6","5"
"智能企业深","6","6"
"能企业深度","6","6"
"萬億元人民","6","4"
"創歷史新高","6","6"
"衛星順利進","6","6"
"星順利進入","6","6"
"發射任務獲","6","6"
"射任務獲得","6","6"
"特朗普重返","6","6"
"朗普重返白","6","6"
"普重返白宫","6","6"
"巨头阿里巴","6","6"
"头阿里巴巴","6","6"
"美国商务部","6","6"
"在马来西亚","6","6"
"苹果公司在","6","6"
"量子计算机","6","4"
"以色列和哈","6","6"
"色列和哈马","6","6"
"列和哈马斯","6","6"
"国家级非遗","6","5"
"國駐紐約總","6","3"
"駐紐約總領","6","3"
"知情人士说","6","5"
"出生公民权","6","5"
"高質量發展","6","6"
"中国科学家","6","6"
"記者採訪時","6","6"
"工作報告中","6","4"
"加利福尼亚","6","6"
"利福尼亚州","6","6"
"用人工智能","6","6"
"泰国总理佩","6","4"
"国总理佩通","6","4"
"总理佩通坦","6","4"
"越来越多的","6","6"
"执行官周受","6","6"
"行官周受资","6","6"
"普的就职典","6","6"
"中国电动汽","6","6"
"政協十四屆","6","5"
"洛杉矶野火","6","4"
"藏日喀则市","6","6"
"在香港上市","6","6"
"家和地區的","6","6"
"中国动画电","6","6"
"国动画电影","6","6"
"入全球票房","6","5"
"全球票房榜","6","5"
"球票房榜前","6","5"
"即将上任的","5","5"
"前总统杜特","5","5"
"朗普就职典","5","5"
"普就职典礼","5","5"
"報復性關稅","5","3"
"單一市場票","5","3"
"一市場票房","5","3"
"投资者担心","5","5"
"主席習近平","5","5"
"政治局委員","5","5"
"集團有限公","5","5"
"團有限公司","5","5"
"美国国务院","5","5"
"禽流感疫情","5","5"
"美国司法部","5","5"
"人工智能巨","5","5"
"分析师表示","5","5"
"的关税威胁","5","5"
"反垄断调查","5","5"
"对美国总统","5","5"
"大型科技股","5","5"
"量同比減少","5","5"
"加沙地带的","5","5"
"在接受中新","5","5"
"社交媒体巨","5","5"
"交媒体巨头","5","5"
"统特朗普表","5","5"
"申遺成功後","5","5"
"文化和旅遊","5","5"
"中国商务部","5","5"
"统特朗普将","5","5"
"進口商品加","5","4"
"的首席执行","5","5"
"部新聞發言","5","5"
"美国人工智","5","5"
"对加拿大和","5","5"
"國加徵關稅","5","5"
"的解决方案","5","5"
"中國成功發","5","5"
"國成功發射","5","5"
"衛星發射中","5","5"
"星發射中心","5","5"
"發射中心使","5","5"
"中心使用長","5","5"
"順利進入預","5","5"
"利進入預定","5","5"
"進入預定軌","5","5"
"入預定軌道","5","5"
"任務獲得圓","5","5"
"務獲得圓滿","5","5"
"獲得圓滿成","5","5"
"得圓滿成功","5","5"
"执行长黄仁","5","5"
"行长黄仁勋","5","5"
"採訪時表示","5","5"
"黑鹰直升机","5","4"
"首都华盛顿","5","5"
"总统小马可","5","5"
"统小马可斯","5","5"
"直升机相撞","5","5"
"华盛顿特区","5","5"
"在一定程度","5","5"
"一定程度上","5","5"
"国科技公司","5","5"
"中国互联网","5","5"
"特朗普总统","5","5"
"了中华民族","5","5"
"丰富多彩的","5","5"
"代表性项目","5","5"
"以来的最大","5","5"
"芯片制造商","5","5"
"结束俄乌战","5","5"
"束俄乌战争","5","5"
"征收关税的","5","5"
"片巨头英伟","5","5"
"紐約總領事","5","3"
"外交部长王","5","5"
"交部长王毅","5","5"
"外交部長王","5","5"
"交部長王毅","5","5"
"对总统尹锡","5","5"
"在西藏日喀","5","5"
"中国茶饮品","5","5"
"国茶饮品牌","5","5"
"新社記者採","5","5"
"社記者採訪","5","5"
"俄罗斯总统","5","5"
"罗斯总统普","5","5"
"純電動汽車","5","5"
"的中國企業","5","5"
"国债收益率","5","4"
"大阪世博會","5","4"
"公司在中国","5","5"
"航天工程辦","5","5"
"天工程辦公","5","5"
"工程辦公室","5","5"
"任第一天就","5","3"
"美國鋼鐵公","5","5"
"國鋼鐵公司","5","5"
"日本經濟新","5","5"
"本經濟新聞","5","5"
"在政府工作","5","3"
"協十四屆三","5","5"
"十四屆三次","5","5"
"四屆三次會","5","5"
"屆三次會議","5","5"
"第九届亚冬","5","5"
"九届亚冬会","5","5"
"日喀则市定","5","5"
"喀则市定日","5","5"
"则市定日县","5","5"
"走進奧地利","5","4"
"中共总书记","5","5"
"哈爾濱冰雪","5","4"
"爾濱冰雪大","5","4"
"濱冰雪大世","5","4"
"济州航空空","5","5"
"州航空空难","5","5"
"美国太空探","5","5"
"国太空探索","5","5"
"在中国推出","5","5"
"电动汽车市","5","4"
"动汽车市场","5","4"
"加征的关税","5","5"
"引擎巨头百","5","5"
"擎巨头百度","5","5"
"让我们一起","5","5"
"西班牙火腿","5","4"
"慕尼黑安全","5","5"
"尼黑安全会","5","5"
"黑安全会议","5","5"
"農曆正月十","5","5"
"储能超级工","5","3"
"能超级工厂","5","3"
"统特朗普下","4","4"
"特朗普下令","4","4"
"数据中心和","4","4"
"公司生产的","4","4"
"向量数据库","4","4"
"十四屆全國","4","4"
"年全國兩會","4","4"
"总统杜特尔","4","4"
"统杜特尔特","4","4"
"对美国经济","4","4"
"美國總統川","4","4"
"國總統川普","4","4"
"纳斯达克综","4","4"
"斯达克综合","4","4"
"达克综合指","4","4"
"克综合指数","4","4"
"品加徵關稅","4","3"
"特斯拉股价","4","4"
"我們的春節","4","3"
"接入深度求","4","4"
"入深度求索","4","4"
"标志着中国","4","4"
"特朗普在与","4","4"
"中國科學院","4","4"
"据网络平台","4","4"
"网络平台数","4","4"
"络平台数据","4","4"
"居世界第一","4","4"
"部發言人林","4","4"
"發言人林劍","4","4"
"國家主席習","4","4"
"家主席習近","4","4"
"中國全國鐵","4","3"
"國全國鐵路","4","3"
"發送旅客突","4","3"
"送旅客突破","4","3"
"國家鐵路集","4","4"
"家鐵路集團","4","4"
"鐵路集團有","4","4"
"路集團有限","4","4"
"鐵路發送旅","4","4"
"路發送旅客","4","4"
"累計發送旅","4","3"
"董事长雷军","4","4"
"朗普签署行","4","4"
"普签署行政","4","4"
"国际刑事法","4","4"
"际刑事法院","4","4"
"日在例行新","4","4"
"巴拿馬運河","4","3"
"進入全球影","4","3"
"的资本支出","4","4"
"来自中国的","4","4"
"部發言人郭","4","4"
"發言人郭嘉","4","4"
"言人郭嘉昆","4","4"
"特朗普的政","4","4"
"朗普的政策","4","4"
"进一步降低","4","4"
"展开反垄断","4","4"
"开反垄断调","4","4"
"的中国电动","4","3"
"墨西哥征收","4","4"
"墨西哥和加","4","4"
"西哥和加拿","4","4"
"哥和加拿大","4","4"
"接受中新網","4","4"
"的數據顯示","4","4"
"家移民管理","4","4"
"移民管理局","4","4"
"化和旅游部","4","3"
"征收的关税","4","4"
"出口目的地","4","4"
"中国企业深","4","4"
"国企业深度","4","4"
"日發表聲明","4","4"
"市文化和旅","4","4"
"加徵關稅的","4","4"
"據中國國家","4","4"
"遺成功後的","4","4"
"成功後的首","4","4"
"功後的首個","4","4"
"美国政府效","4","4"
"国政府效率","4","4"
"关税的影响","4","4"
"对中国输美","4","4"
"中国输美商","4","4"
"国输美商品","4","4"
"品加征關稅","4","3"
"朗普政府正","4","4"
"普政府正在","4","4"
"新加坡国立","4","4"
"加坡国立大","4","4"
"坡国立大学","4","4"
"網絡中國節","4","4"
"国经济增长","4","4"
"答記者問時","4","4"
"送上新春祝","4","4"
"上新春祝福","4","4"
"工智能巨头","4","4"
"对中国进口","4","4"
"美国宣布对","4","4"
"亚洲周刊专","4","4"
"洲周刊专区","4","4"
"商務部新聞","4","4"
"務部新聞發","4","4"
"农历新年期","4","4"
"历新年期间","4","4"
"聯合國安理","4","4"
"合國安理會","4","4"
"紐約聯合國","4","4"
"約聯合國總","4","4"
"聯合國總部","4","4"
"簽署總統令","4","4"
"國商品加徵","4","3"
"中國新聞網","4","4"
"來的最高水","4","4"
"的新車銷量","4","4"
"票房榜冠军","4","4"
"心使用長征","4","4"
"美国国务卿","4","4"
"统特朗普周","4","4"
"形机器人的","4","4"
"一名联邦法","4","4"
"名联邦法官","4","4"
"开发的人工","4","4"
"发的人工智","4","4"
"对中国人工","4","4"
"在中国人工","4","4"
"科技巨头阿","4","4"
"技巨头阿里","4","4"
"的数据显示","4","4"
"新创公司深","4","4"
"军黑鹰直升","4","4"
"已成为中国","4","4"
"生成式人工","4","4"
"成式人工智","4","4"
"式人工智能","4","4"
"美国证券交","4","4"
"国证券交易","4","4"
"证券交易委","4","4"
"券交易委员","4","4"
"交易委员会","4","4"
"美国国防部","4","4"
"菲律宾总统","4","4"
"律宾总统小","4","4"
"宾总统小马","4","4"
"该公司的估","4","4"
"公司的估值","4","4"
"统特朗普提","4","4"
"农历新年前","4","4"
"统特朗普在","4","4"
"根国家机场","4","4"
"的巨额投资","4","4"
"美国科技公","4","4"
"国互联网巨","4","4"
"的中国公司","4","4"
"市场竞争加","4","4"
"场竞争加剧","4","4"
"自动驾驶汽","4","4"
"动驾驶汽车","4","4"
"分析师预期","4","4"
"民族最重要","4","4"
"族最重要的","4","4"
"的傳統節日","4","4"
"中國共產黨","4","4"
"作为中华大","4","4"
"为中华大地","4","4"
"中华大地上","4","4"
"华大地上最","4","4"
"大地上最具","4","4"
"涵盖了中华","4","4"
"盖了中华民","4","4"
"中华民族丰","4","4"
"华民族丰富","4","4"
"民族丰富多","4","4"
"族丰富多彩","4","4"
"富多彩的非","4","4"
"多彩的非遗","4","4"
"彩的非遗实","4","4"
"的非遗实践","4","4"
"项国家级非","4","4"
"家级非遗代","4","4"
"级非遗代表","4","4"
"非遗代表性","4","4"
"遗代表性项","4","4"
"表性项目中","4","4"
"有众多都与","4","4"
"众多都与春","4","4"
"多都与春节","4","4"
"都与春节密","4","4"
"与春节密不","4","4"
"春节密不可","4","4"
"节密不可分","4","4"
"去年第四季","4","4"
"签署了一项","4","4"
"联合国秘书","4","3"
"合国秘书长","4","3"
"华尔街日报","4","4"
"将上任的特","4","4"
"的主要原因","4","4"
"伟达股价暴","4","4"
"达股价暴跌","4","4"
"晶片巨头英","4","4"
"神舟十九号","4","3"
"中国短视频","4","4"
"英伟达股票","4","3"
"比特币价格","4","4"
"大型语言模","4","4"
"型语言模型","4","4"
"的大语言模","4","4"
"国搜索引擎","4","4"
"中國空間站","4","3"
"來自中國的","4","4"
"西藏日喀則","4","4"
"美国电动车","4","4"
"国电动车巨","4","4"
"电动车巨头","4","4"
"从事间谍活","4","4"
"事间谍活动","4","4"
"新闻发布会","4","4"
"闻发布会上","4","4"
"南中国海争","4","4"
"一项调查显","4","4"
"项调查显示","4","4"
"加密货币行","4","4"
"密货币行业","4","4"
"首富马斯克","4","4"
"统特朗普签","4","4"
"签署行政命","4","4"
"署行政命令","4","4"
"中國科學家","4","3"
"任美國總統","4","3"
"创下历史新","4","4"
"下历史新高","4","4"
"寫入政府工","4","3"
"入政府工作","4","3"
"受中新社記","4","4"
"石油和天然","4","4"
"油和天然气","4","4"
"斯总统普京","4","4"
"星發射升空","4","4"
"美国加利福","4","4"
"国加利福尼","4","4"
"哈马斯达成","4","4"
"重返白宫后","4","4"
"對中國加徵","4","4"
"中国市场的","4","4"
"富豪马斯克","4","4"
"中國傳統文","4","4"
"國傳統文化","4","4"
"眼中的中國","4","4"
"湧入小紅書","4","4"
"社交媒体平","4","4"
"交媒体平台","4","4"
"涌入中国社","4","4"
"入中国社交","4","4"
"人工智能晶","4","4"
"工智能晶片","4","4"
"據中國載人","4","4"
"特朗普宣誓","4","4"
"朗普宣誓就","4","4"
"统特朗普即","4","4"
"特朗普即将","4","4"
"以来的最高","4","4"
"来的最高水","4","4"
"的最高水平","4","4"
"片出口限制","4","4"
"利用人工智","4","4"
"统特朗普星","4","4"
"台办发言人","4","4"
"当地时间星","4","4"
"地时间星期","4","4"
"对人工智能","4","4"
"年以来的最","4","4"
"平台小红书","4","4"
"官周受资计","4","4"
"周受资计划","4","4"
"受资计划出","4","4"
"资计划出席","4","4"
"全社会跨区","4","3"
"社会跨区域","4","3"
"会跨区域人","4","3"
"跨区域人员","4","3"
"区域人员流","4","3"
"域人员流动","4","3"
"知情人士的","4","4"
"情人士的话","4","4"
"太空探索科","4","4"
"空探索科技","4","4"
"探索科技公","4","4"
"索科技公司","4","4"
"鐵收購美國","4","4"
"收購美國鋼","4","4"
"購美國鋼鐵","4","4"
"打擊網賭電","4","3"
"擊網賭電詐","4","3"
"佛罗里达州","4","4"
"對中國企業","4","3"
"市场对美国","4","4"
"世界各地的","4","4"
"路口岸出入","4","3"
"口岸出入境","4","3"
"的总统尹锡","4","4"
"政府工作报","4","4"
"府工作报告","4","4"
"国和俄罗斯","4","4"
"中国媒体报","4","4"
"哈尔滨国际","4","3"
"尔滨国际冰","4","3"
"滨国际冰雪","4","3"
"国际冰雪节","4","3"
"实施新一轮","4","4"
"马来西亚政","4","4"
"来西亚政府","4","4"
"東京迪士尼","4","3"
"收购美国钢","4","4"
"购美国钢铁","4","4"
"钢铁公司的","4","4"
"西藏定日县","4","4"
"万元人民币","4","4"
"周五下班去","4","4"
"五下班去中","4","4"
"定日县发生","4","4"
"特朗普关税","4","4"
"共总书记习","4","4"
"总书记习近","4","4"
"书记习近平","4","4"
"全國政協十","4","4"
"國政協十四","4","4"
"哈尔滨冰雪","4","4"
"尔滨冰雪大","4","4"
"滨冰雪大世","4","4"
"库布其沙漠","4","3"
"尹锡悦的逮","4","4"
"锡悦的逮捕","4","4"
"悦的逮捕令","4","4"
"中国驻韩国","4","4"
"国驻韩国大","4","4"
"驻韩国大使","4","4"
"完成全球首","4","3"
"济州航空公","4","3"
"州航空公司","4","3"
"茶饮品牌蜜","4","4"
"饮品牌蜜雪","4","4"
"品牌蜜雪冰","4","4"
"牌蜜雪冰城","4","4"
"伯克希尔哈","4","3"
"克希尔哈撒","4","3"
"希尔哈撒韦","4","3"
"尔哈撒韦公","4","3"
"哈撒韦公司","4","3"
"乌克兰战争","4","4"
"中國貿促會","4","3"
"搜索引擎巨","4","4"
"索引擎巨头","4","4"
"杭州六小龙","4","3"
"民营企业家","4","4"
"对等关税计","4","4"
"等关税计划","4","4"
"社交平台发","4","4"
"成為首部進","4","3"
"為首部進入","4","3"
"首部進入全","4","3"
"部進入全球","4","3"
"在澳大利亞","4","3"
"民營企業座","4","3"
"營企業座談","4","3"
"企業座談會","4","3"
"民營經濟發","4","3"
"營經濟發展","4","3"
"及海外票房","4","4"
"中国影史票","4","4"
"国影史票房","4","4"
"福建省莆田","4","4"
"建省莆田市","4","4"
"种打开方式","4","4"
"打开方式之","4","4"
"史票房榜第","3","3"
"半导体行业","3","3"
"我命由我不","3","3"
"命由我不由","3","3"
"由我不由天","3","3"
"多模态大模","3","3"
"模态大模型","3","3"
"和人工智能","3","3"
"飞机制造商","3","3"
"四屆全國人","3","3"
"屆全國人大","3","3"
"全國人大三","3","3"
"國人大三次","3","3"
"人大三次會","3","3"
"大三次會議","3","3"
"统特朗普就","3","3"
"乘用车销量","3","3"
"量同比增长","3","3"
"马来西亚槟","3","3"
"来西亚槟城","3","3"
"巴黎的聯合","3","3"
"黎的聯合國","3","3"
"的聯合國教","3","3"
"科文組織總","3","3"
"文組織總部","3","3"
"国在人工智","3","3"
"封神第二部","3","3"
"消费者信心","3","3"
"征收对等关","3","3"
"收对等关税","3","3"
"单一市场票","3","3"
"一市场票房","3","3"
"副总统莎拉","3","3"
"全球人工智","3","3"
"球人工智能","3","3"
"联合国人权","3","3"
"全國鐵路春","3","3"
"國鐵路春運","3","3"
"全國鐵路發","3","3"
"國鐵路發送","3","3"
"中国新创公","3","3"
"国新创公司","3","3"
"推出低成本","3","3"
"科技巨头的","3","3"
"中國國家主","3","3"
"國國家主席","3","3"
"亞洲冬季運","3","3"
"洲冬季運動","3","3"
"冬季運動會","3","3"
"特朗普近日","3","3"
"公司董事长","3","3"
"数百亿美元","3","3"
"的经济增长","3","3"
"朗普上任后","3","3"
"的聊天机器","3","3"
"国的人工智","3","3"
"吸引了众多","3","3"
"遇难者遗体","3","3"
"在过去一年","3","3"
"港上市的股","3","3"
"普的关税威","3","3"
"中華人民共","3","3"
"華人民共和","3","3"
"人民共和國","3","3"
"从美国进口","3","3"
"特朗普对中","3","3"
"朗普对中国","3","3"
"对中国加征","3","3"
"在美国股市","3","3"
"神話在中國","3","3"
"話在中國破","3","3"
"在中國破滅","3","3"
"在中國的出","3","3"
"中國的出貨","3","3"
"國的出貨量","3","3"
"的出貨量同","3","3"
"出貨量同比","3","3"
"貨量同比減","3","3"
"蘋果仍難以","3","3"
"果仍難以擺","3","3"
"仍難以擺脫","3","3"
"難以擺脫依","3","3"
"以擺脫依賴","3","3"
"擺脫依賴中","3","3"
"脫依賴中國","3","3"
"依賴中國的","3","3"
"賴中國的窘","3","3"
"中國的窘境","3","3"
"原因是華為","3","3"
"因是華為和","3","3"
"是華為和小","3","3"
"華為和小米","3","3"
"為和小米等","3","3"
"和小米等企","3","3"
"小米等企業","3","3"
"米等企業崛","3","3"
"等企業崛起","3","3"
"中國已成為","3","3"
"國已成為全","3","3"
"已成為全球","3","3"
"成為全球智","3","3"
"手機技術的","3","3"
"機技術的發","3","3"
"技術的發源","3","3"
"術的發源地","3","3"
"成本更低的","3","3"
"国电动车企","3","3"
"西哥征收关","3","3"
"哥征收关税","3","3"
"与中国国家","3","3"
"对墨西哥和","3","3"
"大西洋和太","3","3"
"西洋和太平","3","3"
"洋和太平洋","3","3"
"今年春节假","3","3"
"春节假期期","3","3"
"节假期期间","3","3"
"蛇年春節是","3","3"
"车制造商的","3","3"
"大规模裁员","3","3"
"国进口商品","3","3"
"商品征收的","3","3"
"消費品以舊","3","3"
"費品以舊換","3","3"
"品以舊換新","3","3"
"中国电商平","3","3"
"国电商平台","3","3"
"意味着什么","3","3"
"巴勒斯坦伊","3","3"
"勒斯坦伊斯","3","3"
"在中國市場","3","3"
"国际刑警组","3","3"
"际刑警组织","3","3"
"日本對美國","3","3"
"在日本國內","3","3"
"越來越多的","3","3"
"年春节期间","3","3"
"对中国征收","3","3"
"统特朗普已","3","3"
"和墨西哥征","3","3"
"中國農曆新","3","3"
"國農曆新年","3","3"
"亿万富翁马","3","3"
"万富翁马斯","3","3"
"富翁马斯克","3","3"
"分析师指出","3","3"
"施出口管制","3","3"
"驻联合国代","3","3"
"联合国代表","3","3"
"科研人员的","3","3"
"中国国务院","3","3"
"和苹果公司","3","3"
"美国特朗普","3","3"
"朗普政府对","3","3"
"中华人民共","3","3"
"华人民共和","3","3"
"人民共和国","3","3"
"特朗普将于","3","3"
"拜登政府的","3","3"
"出关税威胁","3","3"
"二十四節氣","3","3"
"豐富多彩的","3","3"
"了全世界的","3","3"
"的美国政府","3","3"
"可能会影响","3","3"
"對中國輸美","3","3"
"在答記者問","3","3"
"記者問時表","3","3"
"者問時表示","3","3"
"点击阅读互","3","3"
"击阅读互动","3","3"
"阅读互动新","3","3"
"读互动新闻","3","3"
"智能巨头英","3","3"
"能巨头英伟","3","3"
"和墨西哥的","3","3"
"品征收关税","3","3"
"进口商品加","3","3"
"将在星期一","3","3"
"中国公安部","3","3"
"模首次突破","3","3"
"布數據顯示","3","3"
"在美国市场","3","3"
"潮汕英歌舞","3","3"
"国外交部称","3","3"
"禁止公务机","3","3"
"止公务机关","3","3"
"公务机关使","3","3"
"务机关使用","3","3"
"模型深度求","3","3"
"型深度求索","3","3"
"是否使用受","3","3"
"否使用受管","3","3"
"使用受管制","3","3"
"墨西哥加征","3","3"
"任美国总统","3","3"
"突破性进展","3","3"
"领域的应用","3","3"
"的最高水準","3","3"
"月在中國的","3","3"
"國的新車銷","3","3"
"全球动画电","3","3"
"球动画电影","3","3"
"动画电影票","3","3"
"画电影票房","3","3"
"电影票房榜","3","3"
"中国科研团","3","3"
"国科研团队","3","3"
"中國在西昌","3","3"
"國在西昌衛","3","3"
"在西昌衛星","3","3"
"西昌衛星發","3","3"
"昌衛星發射","3","3"
"使用長征三","3","3"
"用長征三號","3","3"
"長征三號乙","3","3"
"征三號乙運","3","3"
"三號乙運載","3","3"
"號乙運載火","3","3"
"乙運載火箭","3","3"
"动经济增长","3","3"
"调查中国人","3","3"
"查中国人工","3","3"
"後的首個春","3","3"
"的首個春節","3","3"
"春节联欢晚","3","3"
"节联欢晚会","3","3"
"机构星期五","3","3"
"在春节期间","3","3"
"科技巨头苹","3","3"
"技巨头苹果","3","3"
"巨头苹果公","3","3"
"头苹果公司","3","3"
"量同比增長","3","3"
"国网络安全","3","3"
"国调查人员","3","3"
"驾驶舱语音","3","3"
"驶舱语音记","3","3"
"舱语音记录","3","3"
"语音记录器","3","3"
"迫不及待想","3","3"
"用深度求索","3","3"
"国政府宣布","3","3"
"关税的计划","3","3"
"晶片出口实","3","3"
"片出口实施","3","3"
"出口实施新","3","3"
"出人工智能","3","3"
"计划在今年","3","3"
"英伟达芯片","3","3"
"美国首都华","3","3"
"国首都华盛","3","3"
"苹果公司的","3","3"
"美军黑鹰直","3","3"
"特朗普提名","3","3"
"在农历新年","3","3"
"道琼斯指数","3","3"
"中国驻美国","3","3"
"国驻美国大","3","3"
"驻美国大使","3","3"
"华盛顿里根","3","3"
"盛顿里根国","3","3"
"顿里根国家","3","3"
"里根国家机","3","3"
"转移到中国","3","3"
"在美国被禁","3","3"
"国用户涌入","3","3"
"的十分之一","3","3"
"马来西亚警","3","3"
"来西亚警方","3","3"
"国企业纷纷","3","3"
"字节跳动旗","3","3"
"节跳动旗下","3","3"
"联邦法官暂","3","3"
"邦法官暂时","3","3"
"椭圆形办公","3","3"
"圆形办公室","3","3"
"是中華民族","3","3"
"最重要的傳","3","3"
"重要的傳統","3","3"
"要的傳統節","3","3"
"國共產黨的","3","3"
"以色列总理","3","3"
"色列总理内","3","3"
"在美国总统","3","3"
"居民消费价","3","3"
"民消费价格","3","3"
"的收入增长","3","3"
"陷入困境的","3","3"
"普上任第一","3","3"
"苹果和谷歌","3","3"
"愿新的一年","3","3"
"多模态模型","3","3"
"特朗普希望","3","3"
"科技竞争的","3","3"
"朗普政府计","3","3"
"普政府计划","3","3"
"政府计划对","3","3"
"华尔街股市","3","3"
"小米集团董","3","3"
"米集团董事","3","3"
"集团董事长","3","3"
"团董事长雷","3","3"
"模型企业深","3","3"
"型企业深度","3","3"
"国汽车制造","3","3"
"国短视频应","3","3"
"英伟达晶片","3","3"
"数据中心业","3","3"
"据中心业务","3","3"
"能大语言模","3","3"
"重要的传统","3","3"
"中国半导体","3","3"
"半导体产业","3","3"
"農曆乙巳蛇","3","3"
"曆乙巳蛇年","3","3"
"驻菲律宾大","3","3"
"菲律宾大使","3","3"
"大使馆星期","3","3"
"国外交部长","3","3"
"首相佩通坦","3","3"
"短视频制作","3","3"
"视频制作教","3","3"
"频制作教程","3","3"
"人工智能推","3","3"
"政治局委员","3","3"
"專訪時表示","3","3"
"为中国市场","3","3"
"朗普星期六","3","3"
"世界卫生组","3","3"
"界卫生组织","3","3"
"公司甲骨文","3","3"
"藏日喀則市","3","3"
"物考古研究","3","3"
"文明的坐標","3","3"
"全球半導體","3","3"
"车巨头特斯","3","3"
"巨头特斯拉","3","3"
"菲律宾政府","3","3"
"间谍活动的","3","3"
"谍活动的中","3","3"
"活动的中国","3","3"
"国商务部表","3","3"
"商务部表示","3","3"
"于人工智能","3","3"
"中国和菲律","3","3"
"国和菲律宾","3","3"
"国家安全顾","3","3"
"家安全顾问","3","3"
"中国海争端","3","3"
"是国家安全","3","3"
"经济增长的","3","3"
"美国有线电","3","3"
"国有线电视","3","3"
"有线电视新","3","3"
"线电视新闻","3","3"
"电视新闻网","3","3"
"習近平總書","3","3"
"近平總書記","3","3"
"美联储主席","3","3"
"联储主席鲍","3","3"
"储主席鲍威","3","3"
"主席鲍威尔","3","3"
"全球最大汽","3","3"
"球最大汽车","3","3"
"全球首富马","3","3"
"球首富马斯","3","3"
"大陆国台办","3","3"
"为期两天的","3","3"
"生公民权的","3","3"
"朗普政府的","3","3"
"中國證監會","3","3"
"松货币政策","3","3"
"发表视频讲","3","3"
"表视频讲话","3","3"
"朗普政府推","3","3"
"邀您俯瞰家","3","3"
"您俯瞰家鄉","3","3"
"俯瞰家鄉風","3","3"
"瞰家鄉風光","3","3"
"就任美國總","3","3"
"多位代表委","3","3"
"位代表委員","3","3"
"朗普签署了","3","3"
"衛星發射升","3","3"
"機場的航班","3","3"
"的巴勒斯坦","3","3"
"地带停火协","3","3"
"带停火协议","3","3"
"美国新政府","3","3"
"美国对俄罗","3","3"
"国对俄罗斯","3","3"
"受访学者指","3","3"
"日發布消息","3","3"
"等竞争对手","3","3"
"总统唐纳德","3","3"
"文化遺產代","3","3"
"化遺產代表","3","3"
"第一屆川普","3","3"
"一屆川普政","3","3"
"屆川普政府","3","3"
"苹果公司将","3","3"
"亿万富豪马","3","3"
"万富豪马斯","3","3"
"十年来的最","3","3"
"如何看待美","3","3"
"美國新政府","3","3"
"中國加徵關","3","3"
"关税可能会","3","3"
"特朗普的人","3","3"
"特朗普发表","3","3"
"这在一定程","3","3"
"停职的韩国","3","3"
"职的韩国总","3","3"
"的韩国总统","3","3"
"和信息化部","3","3"
"仪式感拉满","3","3"
"布数据显示","3","3"
"比以往任何","3","3"
"美国前总统","3","3"
"在加沙地带","3","3"
"官黄仁勋星","3","3"
"黄仁勋星期","3","3"
"出席特朗普","3","3"
"程辦公室消","3","3"
"辦公室消息","3","3"
"上任的特朗","3","3"
"任的特朗普","3","3"
"的特朗普政","3","3"
"即将就任的","3","3"
"好于预期的","3","3"
"贸易及工业","3","3"
"易及工业部","3","3"
"上任第一天","3","3"
"第一天就簽","3","3"
"一天就簽署","3","3"
"于当地时间","3","3"
"亚马逊创办","3","3"
"马逊创办人","3","3"
"逊创办人贝","3","3"
"创办人贝佐","3","3"
"办人贝佐斯","3","3"
"斯卡伯勒浅","3","3"
"卡伯勒浅滩","3","3"
"社交媒體平","3","3"
"交媒體平台","3","3"
"美官方禁令","3","3"
"缅甸诈骗园","3","3"
"甸诈骗园区","3","3"
"对加密货币","3","3"
"特朗普正式","3","3"
"国台办发言","3","3"
"办发言人朱","3","3"
"发言人朱凤","3","3"
"言人朱凤莲","3","3"
"普宣誓就职","3","3"
"首个人形机","3","3"
"个人形机器","3","3"
"中国领导人","3","3"
"的停火协议","3","3"
"亚细安成员","3","3"
"细安成员国","3","3"
"国社交媒体","3","3"
"量首次突破","3","3"
"糧食產量首","3","3"
"食產量首次","3","3"
"邦最高法院","3","3"
"两名知情人","3","3"
"美国最高法","3","3"
"国最高法院","3","3"
"社交平台上","3","3"
"用中文寫的","3","3"
"人工智能与","3","3"
"在馬來西亞","3","3"
"台辦發言人","3","3"
"经济增长目","3","3"
"济增长目标","3","3"
"片制造商的","3","3"
"日本製鐵收","3","3"
"本製鐵收購","3","3"
"美国用户的","3","3"
"在拉斯维加","3","3"
"斯维加斯的","3","3"
"消费电子展","3","3"
"国电商巨头","3","3"
"连续第二年","3","3"
"卡塔尔首都","3","3"
"塔尔首都多","3","3"
"尔首都多哈","3","3"
"國商務部新","3","3"
"社交平台小","3","3"
"交平台小红","3","3"
"在例行新闻","3","3"
"例行新闻发","3","3"
"行新闻发布","3","3"
"日本執政黨","3","3"
"國家移民管","3","3"
"苹果应用商","3","3"
"果应用商店","3","3"
"今年经济增","3","3"
"年经济增长","3","3"
"的中國市場","3","3"
"弹劾的总统","3","3"
"劾的总统尹","3","3"
"中国和俄罗","3","3"
"的自动驾驶","3","3"
"对进口商品","3","3"
"以及特朗普","3","3"
"特朗普可能","3","3"
"美国外国投","3","3"
"国外国投资","3","3"
"外国投资委","3","3"
"国投资委员","3","3"
"投资委员会","3","3"
"中國從來沒","3","3"
"國從來沒有","3","3"
"专属经济区","3","3"
"敦促特朗普","3","3"
"促特朗普政","3","3"
"年夏季開始","3","3"
"即将到来的","3","3"
"特朗普去年","3","3"
"国加征关税","3","3"
"和美國鋼鐵","3","3"
"马来西亚吉","3","3"
"造成数十人","3","3"
"路易斯安那","3","3"
"易斯安那州","3","3"
"斯安那州新","3","3"
"巨头台积电","3","3"
"在亚利桑那","3","3"
"晶瑩剔透的","3","3"
"的特朗普国","3","3"
"特朗普国际","3","3"
"朗普国际酒","3","3"
"普国际酒店","3","3"
"當選總統特","3","3"
"選總統特朗","3","3"
"在全球范围","3","3"
"造成的经济","3","3"
"紧急戒严事","3","3"
"急戒严事件","3","3"
"者採訪時表","3","3"
"互联网巨头","3","3"
"随着人工智","3","3"
"着人工智能","3","3"
"心血管疾病","3","3"
"下班去中國","3","3"
"豫劇從黃河","3","3"
"劇從黃河唱","3","3"
"從黃河唱到","3","3"
"黃河唱到多","3","3"
"河唱到多瑙","3","3"
"唱到多瑙河","3","3"
"梨園飛歌走","3","3"
"園飛歌走進","3","3"
"飛歌走進奧","3","3"
"歌走進奧地","3","3"
"市定日县发","3","3"
"哈尔滨再一","3","3"
"尔滨再一次","3","3"
"执政党国民","3","3"
"政党国民力","3","3"
"党国民力量","3","3"
"中国电商巨","3","3"
"伟达股价在","3","3"
"国内生产总","3","3"
"内生产总值","3","3"
"面临的挑战","3","3"
"大汽车制造","3","3"
"社長談中國","3","3"
"北京和上海","3","3"
"时间星期一","3","3"
"黑龙江哈尔","3","3"
"龙江哈尔滨","3","3"
"新加坡经济","3","3"
"加坡经济特","3","3"
"坡经济特区","3","3"
"华盛顿邮报","3","3"
"总统候选人","3","3"
"含预售及海","3","3"
"预售及海外","3","3"
"一个开源的","3","3"
"在北京人民","3","3"
"北京人民大","3","3"
"京人民大會","3","3"
"民大會堂開","3","3"
"大會堂開幕","3","3"
"我在中國丨","3","3"
"的需求增加","3","3"
"日鐵收購美","3","3"
"發展中國家","3","3"
"在哈爾濱冰","3","3"
"美国佛罗里","3","3"
"国佛罗里达","3","3"
"黄金价格在","3","3"
"精彩的赛事","3","3"
"总统官邸警","3","3"
"统官邸警卫","3","3"
"官邸警卫处","3","3"
"马斯克领导","3","3"
"特朗普利用","3","3"
"小米创始人","3","3"
"商品加征关","3","3"
"品加征关税","3","3"
"韩国外交部","3","3"
"在量子计算","3","3"
"星地激光通","3","3"
"地激光通信","3","3"
"的星链系统","3","3"
"司在中国推","3","3"
"公司首席执","3","3"
"司首席执行","3","3"
"可以追溯到","3","3"
"月以來的最","3","3"
"以來的最高","3","3"
"阿里巴巴集","3","3"
"里巴巴集团","3","3"
"首次公开募","3","3"
"次公开募股","3","3"
"百度创始人","3","3"
"度创始人李","3","3"
"创始人李彦","3","3"
"始人李彦宏","3","3"
"备受关注的","3","3"
"亿元人民币","3","3"
"屠殺了琉球","3","3"
"的乐观情绪","3","3"
"的日元升值","3","3"
"长拉夫罗夫","3","3"
"克兰战争的","3","3"
"支持乌克兰","3","3"
"投资者纷纷","3","3"
"的乌克兰总","3","3"
"含預售及海","3","3"
"預售及海外","3","3"
"动驾驶技术","3","3"
"中国搜索引","3","3"
"下一代人工","3","3"
"一代人工智","3","3"
"代人工智能","3","3"
"美国的盟友","3","3"
"向竞争对手","3","3"
"个国家和地","3","3"
"国家和地区","3","3"
"的出生人數","3","3"
"的推理模型","3","3"
"朗普政府已","3","3"
"得重大突破","3","3"
"對美國投資","3","3"
"是琉球本土","3","3"
"从入门到精","3","3"
"入门到精通","3","3"
"机器学习的","3","3"
"以应对全球","3","3"
"阿里巴巴股","3","3"
"里巴巴股价","3","3"
"企业座谈会","3","3"
"人士的话报","3","3"
"士的话报道","3","3"
"交平台发文","3","3"
"的亞洲電影","3","3"
"与民营企业","3","3"
"进入全球票","3","3"
"与阿里巴巴","3","3"
"进入全球影","3","3"
"成为首部进","3","3"
"为首部进入","3","3"
"售及海外票","3","3"
"台积电据报","3","3"
"阿里巴巴联","3","3"
"影史票房冠","3","3"
"随着第九届","3","3"
"着第九届亚","3","3"
"与其他国家","3","3"
"科学家的爱","3","3"
"学家的爱情","3","3"
"家的爱情故","3","3"
"的爱情故事","3","3"
"在福建省莆","3","3"
"届亚冬会在","3","3"
